parent_email,student_id,student_idx,student_name,relationship,edge_case
parent001@demo50.orbit.app,d5000000-0000-4000-8000-000000000021,21,Shruti Singh,guardian,three_siblings
parent001@demo50.orbit.app,d5000000-0000-4000-8000-000000000009,9,Meera Menon,guardian,three_siblings
parent001@demo50.orbit.app,d5000000-0000-4000-8000-000000000046,46,Neha Banerjee,guardian,three_siblings
parent002@demo50.orbit.app,d5000000-0000-4000-8000-000000000022,22,Kiran Mehta,guardian,two_siblings_same_grade
parent002@demo50.orbit.app,d5000000-0000-4000-8000-000000000023,23,Vivaan Sharma,guardian,two_siblings_same_grade
parent003@demo50.orbit.app,d5000000-0000-4000-8000-000000000001,1,Aarav D'Souza,guardian,single_child
parent004@demo50.orbit.app,d5000000-0000-4000-8000-000000000002,2,Mary-Anne Joseph,guardian,single_child
parent005@demo50.orbit.app,d5000000-0000-4000-8000-000000000003,3,Muhammad Ibrahim Al-Hassan,guardian,single_child
parent006@demo50.orbit.app,d5000000-0000-4000-8000-000000000004,4,Chinnu,guardian,single_child
parent007@demo50.orbit.app,d5000000-0000-4000-8000-000000000005,5,Ñisha O'Brien,mother,single_child
parent008@demo50.orbit.app,d5000000-0000-4000-8000-000000000006,6,Ira Rao,guardian,single_child
parent009@demo50.orbit.app,d5000000-0000-4000-8000-000000000007,7,Karthik Patel,father,single_child
parent010@demo50.orbit.app,d5000000-0000-4000-8000-000000000008,8,Priya Sharma,guardian,single_child
parent011@demo50.orbit.app,d5000000-0000-4000-8000-000000000010,10,Nikhil Mukherjee,mother,single_child
parent012@demo50.orbit.app,d5000000-0000-4000-8000-000000000011,11,Dev Shetty,guardian,single_child
parent013@demo50.orbit.app,d5000000-0000-4000-8000-000000000012,12,Rahul Nair,guardian,single_child
parent014@demo50.orbit.app,d5000000-0000-4000-8000-000000000013,13,Sneha Das,guardian,single_child
parent015@demo50.orbit.app,d5000000-0000-4000-8000-000000000014,14,Tanvi Rao,father,single_child
parent016@demo50.orbit.app,d5000000-0000-4000-8000-000000000015,15,Lakshmi Patel,mother,single_child
parent017@demo50.orbit.app,d5000000-0000-4000-8000-000000000016,16,Tejas Singh,guardian,single_child
parent018@demo50.orbit.app,d5000000-0000-4000-8000-000000000017,17,Neha Mehta,guardian,single_child
parent019@demo50.orbit.app,d5000000-0000-4000-8000-000000000018,18,Zara Sharma,guardian,single_child
parent020@demo50.orbit.app,d5000000-0000-4000-8000-000000000019,19,Priya Sharma,guardian,single_child
parent021@demo50.orbit.app,d5000000-0000-4000-8000-000000000020,20,Manoj Patel,mother,single_child
parent022@demo50.orbit.app,d5000000-0000-4000-8000-000000000024,24,Arjun Menon,guardian,single_child
parent023@demo50.orbit.app,d5000000-0000-4000-8000-000000000025,25,Krishna Mukherjee,mother,single_child
parent024@demo50.orbit.app,d5000000-0000-4000-8000-000000000026,26,Ananya Shetty,guardian,single_child
parent025@demo50.orbit.app,d5000000-0000-4000-8000-000000000027,27,Myra Nair,guardian,single_child
parent026@demo50.orbit.app,d5000000-0000-4000-8000-000000000028,28,Kiara Das,father,single_child
parent027@demo50.orbit.app,d5000000-0000-4000-8000-000000000029,29,Kabir Menon,guardian,single_child
parent028@demo50.orbit.app,d5000000-0000-4000-8000-000000000031,31,Anika Shetty,guardian,parent_no_student_login
parent029@demo50.orbit.app,d5000000-0000-4000-8000-000000000032,32,కృష్ణ రెడ్డి,guardian,single_child
parent030@demo50.orbit.app,d5000000-0000-4000-8000-000000000033,33,अनिका शर्मा,guardian,single_child
parent031@demo50.orbit.app,d5000000-0000-4000-8000-000000000034,34,Siddharth Rao,guardian,single_child
parent032@demo50.orbit.app,d5000000-0000-4000-8000-000000000035,35,Om Patel,father,single_child
parent033@demo50.orbit.app,d5000000-0000-4000-8000-000000000036,36,Priya Singh,guardian,single_child
parent034@demo50.orbit.app,d5000000-0000-4000-8000-000000000037,37,Kavya Mehta,guardian,single_child
parent035@demo50.orbit.app,d5000000-0000-4000-8000-000000000038,38,Harini Sharma,guardian,single_child
parent036@demo50.orbit.app,d5000000-0000-4000-8000-000000000039,39,Radha Menon,guardian,single_child
parent037@demo50.orbit.app,d5000000-0000-4000-8000-000000000040,40,Manoj Mukherjee,mother,single_child
parent038@demo50.orbit.app,d5000000-0000-4000-8000-000000000041,41,Kavya Menon,guardian,single_child
parent039@demo50.orbit.app,d5000000-0000-4000-8000-000000000042,42,Harini Mukherjee,father,single_child
parent040@demo50.orbit.app,d5000000-0000-4000-8000-000000000043,43,Radha Shetty,guardian,single_child
parent041@demo50.orbit.app,d5000000-0000-4000-8000-000000000044,44,Manoj Nair,guardian,single_child
parent042@demo50.orbit.app,d5000000-0000-4000-8000-000000000045,45,Shruti Das,mother,single_child
parent043@demo50.orbit.app,d5000000-0000-4000-8000-000000000047,47,Zara Pillai,guardian,single_child
parent044@demo50.orbit.app,d5000000-0000-4000-8000-000000000048,48,Sahana Reddy,guardian,single_child
parent045@demo50.orbit.app,d5000000-0000-4000-8000-000000000049,49,Aditya Khan,father,single_child
parent046@demo50.orbit.app,d5000000-0000-4000-8000-000000000050,50,Zara Khan,mother,single_child
