class_label,day,period,start,end,subject,teacher,room
Grade 5-A,Mon,1,09:00,09:45,English,Ms. Fatima Khan,R-51
Grade 5-A,Mon,2,09:50,10:35,Math,Mrs. Kavitha Reddy,R-52
Grade 5-A,Mon,3,10:50,11:35,EVS,Ms. Fatima Khan,R-53
Grade 5-A,Mon,4,11:40,12:25,Telugu,Ms. Fatima Khan,R-54
Grade 5-A,Mon,5,13:15,14:00,Art,Mrs. Anjali Deshmukh,R-55
Grade 5-A,Tue,1,09:00,09:45,English,Ms. Fatima Khan,R-51
Grade 5-A,Tue,2,09:50,10:35,Math,Mrs. Kavitha Reddy,R-52
Grade 5-A,Tue,3,10:50,11:35,EVS,Ms. Fatima Khan,R-53
Grade 5-A,Tue,4,11:40,12:25,Telugu,Ms. Fatima Khan,R-54
Grade 5-A,Tue,5,13:15,14:00,Art,Mrs. Anjali Deshmukh,R-55
Grade 5-A,Wed,1,09:00,09:45,English,Ms. Fatima Khan,R-51
Grade 5-A,Wed,2,09:50,10:35,Math,Mrs. Kavitha Reddy,R-52
Grade 5-A,Wed,3,10:50,11:35,EVS,Ms. Fatima Khan,R-53
Grade 5-A,Wed,4,11:40,12:25,Telugu,Ms. Fatima Khan,R-54
Grade 5-A,Wed,5,13:15,14:00,Art,Mrs. Anjali Deshmukh,R-55
Grade 5-A,Thu,1,09:00,09:45,English,Ms. Fatima Khan,R-51
Grade 5-A,Thu,2,09:50,10:35,Math,Mrs. Kavitha Reddy,R-52
Grade 5-A,Thu,3,10:50,11:35,EVS,Ms. Fatima Khan,R-53
Grade 5-A,Thu,4,11:40,12:25,Telugu,Ms. Fatima Khan,R-54
Grade 5-A,Thu,5,13:15,14:00,Art,Mrs. Anjali Deshmukh,R-55
Grade 5-A,Fri,1,09:00,09:45,English,Ms. Fatima Khan,R-51
Grade 5-A,Fri,2,09:50,10:35,Math,Mrs. Kavitha Reddy,R-52
Grade 5-A,Fri,3,10:50,11:35,EVS,Ms. Fatima Khan,R-53
Grade 5-A,Fri,4,11:40,12:25,Telugu,Ms. Fatima Khan,R-54
Grade 5-A,Fri,5,13:15,14:00,Art,Mrs. Anjali Deshmukh,R-55
Grade 6-A,Mon,1,09:00,09:45,English,Ms. Fatima Khan,R-61
Grade 6-A,Mon,2,09:50,10:35,Math,Mrs. Kavitha Reddy,R-62
Grade 6-A,Mon,3,10:50,11:35,Science,Mr. Arun Menon,R-63
Grade 6-A,Mon,4,11:40,12:25,Social,Mr. Suresh Pillai,R-64
Grade 6-A,Mon,5,13:15,14:00,Telugu,Ms. Fatima Khan,R-65
Grade 6-A,Tue,1,09:00,09:45,English,Ms. Fatima Khan,R-61
Grade 6-A,Tue,2,09:50,10:35,Math,Mrs. Kavitha Reddy,R-62
Grade 6-A,Tue,3,10:50,11:35,Science,Mr. Arun Menon,R-63
Grade 6-A,Tue,4,11:40,12:25,Social,Mr. Suresh Pillai,R-64
Grade 6-A,Tue,5,13:15,14:00,Telugu,Ms. Fatima Khan,R-65
Grade 6-A,Wed,1,09:00,09:45,English,Ms. Fatima Khan,R-61
Grade 6-A,Wed,2,09:50,10:35,Math,Mrs. Kavitha Reddy,R-62
Grade 6-A,Wed,3,10:50,11:35,Science,Mr. Arun Menon,R-63
Grade 6-A,Wed,4,11:40,12:25,Social,Mr. Suresh Pillai,R-64
Grade 6-A,Wed,5,13:15,14:00,Telugu,Ms. Fatima Khan,R-65
Grade 6-A,Thu,1,09:00,09:45,English,Ms. Fatima Khan,R-61
Grade 6-A,Thu,2,09:50,10:35,Math,Mrs. Kavitha Reddy,R-62
Grade 6-A,Thu,3,10:50,11:35,Science,Mr. Arun Menon,R-63
Grade 6-A,Thu,4,11:40,12:25,Social,Mr. Suresh Pillai,R-64
Grade 6-A,Thu,5,13:15,14:00,Telugu,Ms. Fatima Khan,R-65
Grade 6-A,Fri,1,09:00,09:45,English,Ms. Fatima Khan,R-61
Grade 6-A,Fri,2,09:50,10:35,Math,Mrs. Kavitha Reddy,R-62
Grade 6-A,Fri,3,10:50,11:35,Science,Mr. Arun Menon,R-63
Grade 6-A,Fri,4,11:40,12:25,Social,Mr. Suresh Pillai,R-64
Grade 6-A,Fri,5,13:15,14:00,Telugu,Ms. Fatima Khan,R-65
Grade 7-A,Mon,1,09:00,09:45,English,Ms. Fatima Khan,R-71
Grade 7-A,Mon,2,09:50,10:35,Math,Mrs. Kavitha Reddy,R-72
Grade 7-A,Mon,3,10:50,11:35,Science,Mr. Arun Menon,R-73
Grade 7-A,Mon,4,11:40,12:25,Social,Mr. Suresh Pillai,R-74
Grade 7-A,Mon,5,13:15,14:00,Computer,Mrs. Anjali Deshmukh,R-75
Grade 7-A,Tue,1,09:00,09:45,English,Ms. Fatima Khan,R-71
Grade 7-A,Tue,2,09:50,10:35,Math,Mrs. Kavitha Reddy,R-72
Grade 7-A,Tue,3,10:50,11:35,Science,Mr. Arun Menon,R-73
Grade 7-A,Tue,4,11:40,12:25,Social,Mr. Suresh Pillai,R-74
Grade 7-A,Tue,5,13:15,14:00,Computer,Mrs. Anjali Deshmukh,R-75
Grade 7-A,Wed,1,09:00,09:45,English,Ms. Fatima Khan,R-71
Grade 7-A,Wed,2,09:50,10:35,Math,Mrs. Kavitha Reddy,R-72
Grade 7-A,Wed,3,10:50,11:35,Science,Mr. Arun Menon,R-73
Grade 7-A,Wed,4,11:40,12:25,Social,Mr. Suresh Pillai,R-74
Grade 7-A,Wed,5,13:15,14:00,Computer,Mrs. Anjali Deshmukh,R-75
Grade 7-A,Thu,1,09:00,09:45,English,Ms. Fatima Khan,R-71
Grade 7-A,Thu,2,09:50,10:35,Math,Mrs. Kavitha Reddy,R-72
Grade 7-A,Thu,3,10:50,11:35,Science,Mr. Arun Menon,R-73
Grade 7-A,Thu,4,11:40,12:25,Social,Mr. Suresh Pillai,R-74
Grade 7-A,Thu,5,13:15,14:00,Computer,Mrs. Anjali Deshmukh,R-75
Grade 7-A,Fri,1,09:00,09:45,English,Ms. Fatima Khan,R-71
Grade 7-A,Fri,2,09:50,10:35,Math,Mrs. Kavitha Reddy,R-72
Grade 7-A,Fri,3,10:50,11:35,Science,Mr. Arun Menon,R-73
Grade 7-A,Fri,4,11:40,12:25,Social,Mr. Suresh Pillai,R-74
Grade 7-A,Fri,5,13:15,14:00,Computer,Mrs. Anjali Deshmukh,R-75
Grade 8-A,Mon,1,09:00,09:45,English,Ms. Fatima Khan,R-81
Grade 8-A,Mon,2,09:50,10:35,Math,Mrs. Kavitha Reddy,R-82
Grade 8-A,Mon,3,10:50,11:35,Science,Mr. Arun Menon,R-83
Grade 8-A,Mon,4,11:40,12:25,Social,Mr. Suresh Pillai,R-84
Grade 8-A,Mon,5,13:15,14:00,Computer,Mrs. Anjali Deshmukh,R-85
Grade 8-A,Tue,1,09:00,09:45,English,Ms. Fatima Khan,R-81
Grade 8-A,Tue,2,09:50,10:35,Math,Mrs. Kavitha Reddy,R-82
Grade 8-A,Tue,3,10:50,11:35,Science,Mr. Arun Menon,R-83
Grade 8-A,Tue,4,11:40,12:25,Social,Mr. Suresh Pillai,R-84
Grade 8-A,Tue,5,13:15,14:00,Computer,Mrs. Anjali Deshmukh,R-85
Grade 8-A,Wed,1,09:00,09:45,English,Ms. Fatima Khan,R-81
Grade 8-A,Wed,2,09:50,10:35,Math,Mrs. Kavitha Reddy,R-82
Grade 8-A,Wed,3,10:50,11:35,Science,Mr. Arun Menon,R-83
Grade 8-A,Wed,4,11:40,12:25,Social,Mr. Suresh Pillai,R-84
Grade 8-A,Wed,5,13:15,14:00,Computer,Mrs. Anjali Deshmukh,R-85
Grade 8-A,Thu,1,09:00,09:45,English,Ms. Fatima Khan,R-81
Grade 8-A,Thu,2,09:50,10:35,Math,Mrs. Kavitha Reddy,R-82
Grade 8-A,Thu,3,10:50,11:35,Science,Mr. Arun Menon,R-83
Grade 8-A,Thu,4,11:40,12:25,Social,Mr. Suresh Pillai,R-84
Grade 8-A,Thu,5,13:15,14:00,Computer,Mrs. Anjali Deshmukh,R-85
Grade 8-A,Fri,1,09:00,09:45,English,Ms. Fatima Khan,R-81
Grade 8-A,Fri,2,09:50,10:35,Math,Mrs. Kavitha Reddy,R-82
Grade 8-A,Fri,3,10:50,11:35,Science,Mr. Arun Menon,R-83
Grade 8-A,Fri,4,11:40,12:25,Social,Mr. Suresh Pillai,R-84
Grade 8-A,Fri,5,13:15,14:00,Computer,Mrs. Anjali Deshmukh,R-85
Grade 8-B,Mon,1,09:00,09:45,English,Ms. Fatima Khan,R-81
Grade 8-B,Mon,2,09:50,10:35,Math,Mrs. Kavitha Reddy,R-82
Grade 8-B,Mon,3,10:50,11:35,Science,Mr. Arun Menon,R-83
Grade 8-B,Mon,4,11:40,12:25,Social,Mr. Suresh Pillai,R-84
Grade 8-B,Mon,5,13:15,14:00,PE,Mrs. Anjali Deshmukh,R-85
Grade 8-B,Tue,1,09:00,09:45,English,Ms. Fatima Khan,R-81
Grade 8-B,Tue,2,09:50,10:35,Math,Mrs. Kavitha Reddy,R-82
Grade 8-B,Tue,3,10:50,11:35,Science,Mr. Arun Menon,R-83
Grade 8-B,Tue,4,11:40,12:25,Social,Mr. Suresh Pillai,R-84
Grade 8-B,Tue,5,13:15,14:00,PE,Mrs. Anjali Deshmukh,R-85
Grade 8-B,Wed,1,09:00,09:45,English,Ms. Fatima Khan,R-81
Grade 8-B,Wed,2,09:50,10:35,Math,Mrs. Kavitha Reddy,R-82
Grade 8-B,Wed,3,10:50,11:35,Science,Mr. Arun Menon,R-83
Grade 8-B,Wed,4,11:40,12:25,Social,Mr. Suresh Pillai,R-84
Grade 8-B,Wed,5,13:15,14:00,PE,Mrs. Anjali Deshmukh,R-85
Grade 8-B,Thu,1,09:00,09:45,English,Ms. Fatima Khan,R-81
Grade 8-B,Thu,2,09:50,10:35,Math,Mrs. Kavitha Reddy,R-82
Grade 8-B,Thu,3,10:50,11:35,Science,Mr. Arun Menon,R-83
Grade 8-B,Thu,4,11:40,12:25,Social,Mr. Suresh Pillai,R-84
Grade 8-B,Thu,5,13:15,14:00,PE,Mrs. Anjali Deshmukh,R-85
Grade 8-B,Fri,1,09:00,09:45,English,Ms. Fatima Khan,R-81
Grade 8-B,Fri,2,09:50,10:35,Math,Mrs. Kavitha Reddy,R-82
Grade 8-B,Fri,3,10:50,11:35,Science,Mr. Arun Menon,R-83
Grade 8-B,Fri,4,11:40,12:25,Social,Mr. Suresh Pillai,R-84
Grade 8-B,Fri,5,13:15,14:00,PE,Mrs. Anjali Deshmukh,R-85
Grade 9-A,Mon,1,09:00,09:45,English,Ms. Fatima Khan,R-91
Grade 9-A,Mon,2,09:50,10:35,Math,Mrs. Kavitha Reddy,R-92
Grade 9-A,Mon,3,10:50,11:35,Physics,Mr. Arun Menon,R-93
Grade 9-A,Mon,4,11:40,12:25,Chemistry,Mr. Arun Menon,R-94
Grade 9-A,Mon,5,13:15,14:00,Social,Mr. Suresh Pillai,R-95
Grade 9-A,Tue,1,09:00,09:45,English,Ms. Fatima Khan,R-91
Grade 9-A,Tue,2,09:50,10:35,Math,Mrs. Kavitha Reddy,R-92
Grade 9-A,Tue,3,10:50,11:35,Physics,Mr. Arun Menon,R-93
Grade 9-A,Tue,4,11:40,12:25,Chemistry,Mr. Arun Menon,R-94
Grade 9-A,Tue,5,13:15,14:00,Social,Mr. Suresh Pillai,R-95
Grade 9-A,Wed,1,09:00,09:45,English,Ms. Fatima Khan,R-91
Grade 9-A,Wed,2,09:50,10:35,Math,Mrs. Kavitha Reddy,R-92
Grade 9-A,Wed,3,10:50,11:35,Physics,Mr. Arun Menon,R-93
Grade 9-A,Wed,4,11:40,12:25,Chemistry,Mr. Arun Menon,R-94
Grade 9-A,Wed,5,13:15,14:00,Social,Mr. Suresh Pillai,R-95
Grade 9-A,Thu,1,09:00,09:45,English,Ms. Fatima Khan,R-91
Grade 9-A,Thu,2,09:50,10:35,Math,Mrs. Kavitha Reddy,R-92
Grade 9-A,Thu,3,10:50,11:35,Physics,Mr. Arun Menon,R-93
Grade 9-A,Thu,4,11:40,12:25,Chemistry,Mr. Arun Menon,R-94
Grade 9-A,Thu,5,13:15,14:00,Social,Mr. Suresh Pillai,R-95
Grade 9-A,Fri,1,09:00,09:45,English,Ms. Fatima Khan,R-91
Grade 9-A,Fri,2,09:50,10:35,Math,Mrs. Kavitha Reddy,R-92
Grade 9-A,Fri,3,10:50,11:35,Physics,Mr. Arun Menon,R-93
Grade 9-A,Fri,4,11:40,12:25,Chemistry,Mr. Arun Menon,R-94
Grade 9-A,Fri,5,13:15,14:00,Social,Mr. Suresh Pillai,R-95
