idx,provisional_id,display_name,email,phone,edge_case,password
1,b2000000-0000-4000-8000-000000000001,Suresh Rao,parent001@pilot100.orbit.app,+919810000001,three_siblings,Pilot100!
2,b2000000-0000-4000-8000-000000000002,Lakshmi Iyer,parent002@pilot100.orbit.app,+919810000002,two_siblings_same_class,Pilot100!
3,b2000000-0000-4000-8000-000000000003,D'Souza Guardian,parent003@pilot100.orbit.app,+919820000003,single_child,Pilot100!
4,b2000000-0000-4000-8000-000000000004,Joseph Guardian,parent004@pilot100.orbit.app,+919820000004,single_child,Pilot100!
5,b2000000-0000-4000-8000-000000000005,Al-Hassan Guardian,parent005@pilot100.orbit.app,+919820000005,single_child,Pilot100!
6,b2000000-0000-4000-8000-000000000006,Chinnu Guardian,parent006@pilot100.orbit.app,+919820000006,single_child,Pilot100!
7,b2000000-0000-4000-8000-000000000007,Test Guardian,parent007@pilot100.orbit.app,+919820000007,single_child,Pilot100!
8,b2000000-0000-4000-8000-000000000008,O'Brien Guardian,parent008@pilot100.orbit.app,+919820000008,single_child,Pilot100!
9,b2000000-0000-4000-8000-000000000009,Sen Guardian,parent009@pilot100.orbit.app,+919820000009,single_child,Pilot100!
10,b2000000-0000-4000-8000-000000000010,Patel Guardian,parent010@pilot100.orbit.app,+919820000010,single_child,Pilot100!
11,b2000000-0000-4000-8000-000000000011,Menon Guardian,parent011@pilot100.orbit.app,+919820000011,single_child,Pilot100!
12,b2000000-0000-4000-8000-000000000012,Sharma Guardian,parent012@pilot100.orbit.app,+919820000012,single_child,Pilot100!
13,b2000000-0000-4000-8000-000000000013,Agarwal Guardian,parent013@pilot100.orbit.app,+919820000013,single_child,Pilot100!
14,b2000000-0000-4000-8000-000000000014,Sharma Guardian,parent014@pilot100.orbit.app,+919820000014,single_child,Pilot100!
15,b2000000-0000-4000-8000-000000000015,Nair Guardian,parent015@pilot100.orbit.app,+919820000015,single_child,Pilot100!
16,b2000000-0000-4000-8000-000000000016,Singh Guardian,parent016@pilot100.orbit.app,+919820000016,single_child,Pilot100!
17,b2000000-0000-4000-8000-000000000017,Mukherjee Guardian,parent017@pilot100.orbit.app,+919820000017,single_child,Pilot100!
18,b2000000-0000-4000-8000-000000000018,Sen Guardian,parent018@pilot100.orbit.app,+919820000018,single_child,Pilot100!
19,b2000000-0000-4000-8000-000000000019,Patel Guardian,parent019@pilot100.orbit.app,+919820000019,single_child,Pilot100!
20,b2000000-0000-4000-8000-000000000020,Joshi Guardian,parent020@pilot100.orbit.app,+919820000020,single_child,Pilot100!
21,b2000000-0000-4000-8000-000000000021,Rao Guardian,parent021@pilot100.orbit.app,+919820000021,single_child,Pilot100!
22,b2000000-0000-4000-8000-000000000022,Hegde Guardian,parent022@pilot100.orbit.app,+919820000022,single_child,Pilot100!
23,b2000000-0000-4000-8000-000000000023,Agarwal Guardian,parent023@pilot100.orbit.app,+919820000023,single_child,Pilot100!
24,b2000000-0000-4000-8000-000000000024,Sharma Guardian,parent024@pilot100.orbit.app,+919820000024,single_child,Pilot100!
25,b2000000-0000-4000-8000-000000000025,Nair Guardian,parent025@pilot100.orbit.app,+919820000025,single_child,Pilot100!
26,b2000000-0000-4000-8000-000000000026,Singh Guardian,parent026@pilot100.orbit.app,+919820000026,single_child,Pilot100!
27,b2000000-0000-4000-8000-000000000027,Mukherjee Guardian,parent027@pilot100.orbit.app,+919820000027,single_child,Pilot100!
28,b2000000-0000-4000-8000-000000000028,Kapoor Guardian,parent028@pilot100.orbit.app,+919820000028,single_child,Pilot100!
29,b2000000-0000-4000-8000-000000000029,Pillai Guardian,parent029@pilot100.orbit.app,+919820000029,single_child,Pilot100!
30,b2000000-0000-4000-8000-000000000030,Deshmukh Guardian,parent030@pilot100.orbit.app,+919820000030,single_child,Pilot100!
31,b2000000-0000-4000-8000-000000000031,Sen Guardian,parent031@pilot100.orbit.app,+919820000031,single_child,Pilot100!
32,b2000000-0000-4000-8000-000000000032,Kapoor Guardian,parent032@pilot100.orbit.app,+919820000032,single_child,Pilot100!
33,b2000000-0000-4000-8000-000000000033,Pillai Guardian,parent033@pilot100.orbit.app,+919820000033,single_child,Pilot100!
34,b2000000-0000-4000-8000-000000000034,Deshmukh Guardian,parent034@pilot100.orbit.app,+919820000034,single_child,Pilot100!
35,b2000000-0000-4000-8000-000000000035,Sen Guardian,parent035@pilot100.orbit.app,+919820000035,single_child,Pilot100!
36,b2000000-0000-4000-8000-000000000036,Patel Guardian,parent036@pilot100.orbit.app,+919820000036,single_child,Pilot100!
37,b2000000-0000-4000-8000-000000000037,Menon Guardian,parent037@pilot100.orbit.app,+919820000037,single_child,Pilot100!
38,b2000000-0000-4000-8000-000000000038,Das Guardian,parent038@pilot100.orbit.app,+919820000038,single_child,Pilot100!
39,b2000000-0000-4000-8000-000000000039,Joshi Guardian,parent039@pilot100.orbit.app,+919820000039,single_child,Pilot100!
40,b2000000-0000-4000-8000-000000000040,Rao Guardian,parent040@pilot100.orbit.app,+919820000040,single_child,Pilot100!
41,b2000000-0000-4000-8000-000000000041,Hegde Guardian,parent041@pilot100.orbit.app,+919820000041,single_child,Pilot100!
42,b2000000-0000-4000-8000-000000000042,Agarwal Guardian,parent042@pilot100.orbit.app,+919820000042,single_child,Pilot100!
43,b2000000-0000-4000-8000-000000000043,Sharma Guardian,parent043@pilot100.orbit.app,+919820000043,single_child,Pilot100!
44,b2000000-0000-4000-8000-000000000044,Nair Guardian,parent044@pilot100.orbit.app,+919820000044,single_child,Pilot100!
45,b2000000-0000-4000-8000-000000000045,Singh Guardian,parent045@pilot100.orbit.app,+919820000045,single_child,Pilot100!
46,b2000000-0000-4000-8000-000000000046,Mukherjee Guardian,parent046@pilot100.orbit.app,+919820000046,single_child,Pilot100!
47,b2000000-0000-4000-8000-000000000047,Pillai Guardian,parent047@pilot100.orbit.app,+919820000047,single_child,Pilot100!
48,b2000000-0000-4000-8000-000000000048,Deshmukh Guardian,parent048@pilot100.orbit.app,+919820000048,single_child,Pilot100!
49,b2000000-0000-4000-8000-000000000049,Das Guardian,parent049@pilot100.orbit.app,+919820000049,single_child,Pilot100!
50,b2000000-0000-4000-8000-000000000050,Joshi Guardian,parent050@pilot100.orbit.app,+919820000050,single_child,Pilot100!
51,b2000000-0000-4000-8000-000000000051,Sharma Guardian,parent051@pilot100.orbit.app,+919820000051,single_child,Pilot100!
52,b2000000-0000-4000-8000-000000000052,Hegde Guardian,parent052@pilot100.orbit.app,+919820000052,single_child,Pilot100!
53,b2000000-0000-4000-8000-000000000053,Agarwal Guardian,parent053@pilot100.orbit.app,+919820000053,single_child,Pilot100!
54,b2000000-0000-4000-8000-000000000054,Sharma Guardian,parent054@pilot100.orbit.app,+919820000054,single_child,Pilot100!
55,b2000000-0000-4000-8000-000000000055,Nair Guardian,parent055@pilot100.orbit.app,+919820000055,single_child,Pilot100!
56,b2000000-0000-4000-8000-000000000056,Singh Guardian,parent056@pilot100.orbit.app,+919820000056,parent_no_student_login,Pilot100!
57,b2000000-0000-4000-8000-000000000057,Mukherjee Guardian,parent057@pilot100.orbit.app,+919820000057,single_child,Pilot100!
58,b2000000-0000-4000-8000-000000000058,Kapoor Guardian,parent058@pilot100.orbit.app,+919820000058,single_child,Pilot100!
59,b2000000-0000-4000-8000-000000000059,Pillai Guardian,parent059@pilot100.orbit.app,+919820000059,single_child,Pilot100!
60,b2000000-0000-4000-8000-000000000060,Deshmukh Guardian,parent060@pilot100.orbit.app,+919820000060,single_child,Pilot100!
61,b2000000-0000-4000-8000-000000000061,Sen Guardian,parent061@pilot100.orbit.app,+919820000061,single_child,Pilot100!
62,b2000000-0000-4000-8000-000000000062,Patel Guardian,parent062@pilot100.orbit.app,+919820000062,single_child,Pilot100!
63,b2000000-0000-4000-8000-000000000063,Menon Guardian,parent063@pilot100.orbit.app,+919820000063,single_child,Pilot100!
64,b2000000-0000-4000-8000-000000000064,Das Guardian,parent064@pilot100.orbit.app,+919820000064,single_child,Pilot100!
65,b2000000-0000-4000-8000-000000000065,Joshi Guardian,parent065@pilot100.orbit.app,+919820000065,single_child,Pilot100!
66,b2000000-0000-4000-8000-000000000066,రెడ్డి Guardian,parent066@pilot100.orbit.app,+919820000066,single_child,Pilot100!
67,b2000000-0000-4000-8000-000000000067,शर्मा Guardian,parent067@pilot100.orbit.app,+919820000067,single_child,Pilot100!
68,b2000000-0000-4000-8000-000000000068,Agarwal Guardian,parent068@pilot100.orbit.app,+919820000068,single_child,Pilot100!
69,b2000000-0000-4000-8000-000000000069,Das Guardian,parent069@pilot100.orbit.app,+919820000069,single_child,Pilot100!
70,b2000000-0000-4000-8000-000000000070,Joshi Guardian,parent070@pilot100.orbit.app,+919820000070,single_child,Pilot100!
71,b2000000-0000-4000-8000-000000000071,Rao Guardian,parent071@pilot100.orbit.app,+919820000071,single_child,Pilot100!
72,b2000000-0000-4000-8000-000000000072,Hegde Guardian,parent072@pilot100.orbit.app,+919820000072,single_child,Pilot100!
73,b2000000-0000-4000-8000-000000000073,Agarwal Guardian,parent073@pilot100.orbit.app,+919820000073,single_child,Pilot100!
74,b2000000-0000-4000-8000-000000000074,Sharma Guardian,parent074@pilot100.orbit.app,+919820000074,single_child,Pilot100!
75,b2000000-0000-4000-8000-000000000075,Nair Guardian,parent075@pilot100.orbit.app,+919820000075,single_child,Pilot100!
76,b2000000-0000-4000-8000-000000000076,Singh Guardian,parent076@pilot100.orbit.app,+919820000076,single_child,Pilot100!
77,b2000000-0000-4000-8000-000000000077,Mukherjee Guardian,parent077@pilot100.orbit.app,+919820000077,single_child,Pilot100!
78,b2000000-0000-4000-8000-000000000078,Kapoor Guardian,parent078@pilot100.orbit.app,+919820000078,single_child,Pilot100!
79,b2000000-0000-4000-8000-000000000079,Pillai Guardian,parent079@pilot100.orbit.app,+919820000079,single_child,Pilot100!
80,b2000000-0000-4000-8000-000000000080,Deshmukh Guardian,parent080@pilot100.orbit.app,+919820000080,single_child,Pilot100!
81,b2000000-0000-4000-8000-000000000081,Sen Guardian,parent081@pilot100.orbit.app,+919820000081,single_child,Pilot100!
82,b2000000-0000-4000-8000-000000000082,Patel Guardian,parent082@pilot100.orbit.app,+919820000082,single_child,Pilot100!
83,b2000000-0000-4000-8000-000000000083,Menon Guardian,parent083@pilot100.orbit.app,+919820000083,single_child,Pilot100!
84,b2000000-0000-4000-8000-000000000084,Das Guardian,parent084@pilot100.orbit.app,+919820000084,single_child,Pilot100!
85,b2000000-0000-4000-8000-000000000085,Sen Guardian,parent085@pilot100.orbit.app,+919820000085,single_child,Pilot100!
86,b2000000-0000-4000-8000-000000000086,Patel Guardian,parent086@pilot100.orbit.app,+919820000086,single_child,Pilot100!
87,b2000000-0000-4000-8000-000000000087,Menon Guardian,parent087@pilot100.orbit.app,+919820000087,single_child,Pilot100!
88,b2000000-0000-4000-8000-000000000088,Das Guardian,parent088@pilot100.orbit.app,+919820000088,single_child,Pilot100!
89,b2000000-0000-4000-8000-000000000089,Joshi Guardian,parent089@pilot100.orbit.app,+919820000089,single_child,Pilot100!
90,b2000000-0000-4000-8000-000000000090,Rao Guardian,parent090@pilot100.orbit.app,+919820000090,single_child,Pilot100!
91,b2000000-0000-4000-8000-000000000091,Hegde Guardian,parent091@pilot100.orbit.app,+919820000091,single_child,Pilot100!
92,b2000000-0000-4000-8000-000000000092,Agarwal Guardian,parent092@pilot100.orbit.app,+919820000092,single_child,Pilot100!
93,b2000000-0000-4000-8000-000000000093,Sharma Guardian,parent093@pilot100.orbit.app,+919820000093,single_child,Pilot100!
94,b2000000-0000-4000-8000-000000000094,Nair Guardian,parent094@pilot100.orbit.app,+919820000094,single_child,Pilot100!
95,b2000000-0000-4000-8000-000000000095,Singh Guardian,parent095@pilot100.orbit.app,+919820000095,single_child,Pilot100!
96,b2000000-0000-4000-8000-000000000096,Khan Guardian,parent096@pilot100.orbit.app,+919820000096,single_child,Pilot100!
