idx,id,display_name,class_name,section,roll_no,edge_case,gender_hint
1,b1000000-0000-4000-8000-000000000001,Aarav D'Souza,Grade 6,A,01,apostrophe_surname,M
2,b1000000-0000-4000-8000-000000000002,Mary-Anne Joseph,Grade 6,A,02,hyphenated_given,F
3,b1000000-0000-4000-8000-000000000003,Muhammad Ibrahim Al-Hassan,Grade 6,A,03,long_multi_part_name,M
4,b1000000-0000-4000-8000-000000000004,Chinnu,Grade 6,A,04,single_word_name,F
5,b1000000-0000-4000-8000-000000000005,Spaced Name Test,Grade 6,A,05,leading_trailing_spaces,M
6,b1000000-0000-4000-8000-000000000006,Ñisha O'Brien,Grade 6,A,06,unicode_and_escape,F
7,b1000000-0000-4000-8000-000000000007,Saanvi Sen,Grade 6,,07,empty_section,M
8,b1000000-0000-4000-8000-000000000008,Anika Patel,Grade 6,A,99,non_sequential_roll,F
9,b1000000-0000-4000-8000-000000000009,Navya Menon,Grade 6,A,7,roll_without_leading_zero,M
10,b1000000-0000-4000-8000-000000000010,Priya Sharma,Grade 6,A,10,duplicate_common_name_a,F
11,b1000000-0000-4000-8000-000000000011,Nikhil Joshi,Grade 8,A,11,sibling_group_a_child1,M
12,b1000000-0000-4000-8000-000000000012,Varun Rao,Grade 6,A,12,sibling_group_a_child2,F
13,b1000000-0000-4000-8000-000000000013,Dev Hegde,Grade 9,A,13,sibling_group_a_child3,M
14,b1000000-0000-4000-8000-000000000014,Om Agarwal,Grade 6,A,14,,F
15,b1000000-0000-4000-8000-000000000015,Priya Sharma,Grade 6,A,15,,M
16,b1000000-0000-4000-8000-000000000016,Meera Nair,Grade 6,A,16,,F
17,b1000000-0000-4000-8000-000000000017,Nisha Singh,Grade 6,A,17,,M
18,b1000000-0000-4000-8000-000000000018,Kavya Mukherjee,Grade 6,A,18,,F
19,b1000000-0000-4000-8000-000000000019,Rohan Sen,Grade 6,B,01,,M
20,b1000000-0000-4000-8000-000000000020,Nikhil Patel,Grade 6,B,02,,F
21,b1000000-0000-4000-8000-000000000021,Varun Menon,Grade 7,A,03,sibling_group_b_child1,M
22,b1000000-0000-4000-8000-000000000022,Dev Das,Grade 7,A,04,sibling_group_b_child2,F
23,b1000000-0000-4000-8000-000000000023,Om Joshi,Grade 6,B,05,,M
24,b1000000-0000-4000-8000-000000000024,Priya Rao,Grade 6,B,06,,F
25,b1000000-0000-4000-8000-000000000025,Meera Hegde,Grade 6,B,07,,M
26,b1000000-0000-4000-8000-000000000026,Nisha Agarwal,Grade 6,B,08,,F
27,b1000000-0000-4000-8000-000000000027,Kavya Sharma,Grade 6,B,09,,M
28,b1000000-0000-4000-8000-000000000028,Tanvi Nair,Grade 6,B,10,,F
29,b1000000-0000-4000-8000-000000000029,Lakshmi Singh,Grade 6,B,11,,M
30,b1000000-0000-4000-8000-000000000030,Gayatri Mukherjee,Grade 6,B,12,no_fees,F
31,b1000000-0000-4000-8000-000000000031,Radha Kapoor,Grade 6,B,13,all_fees_paid,M
32,b1000000-0000-4000-8000-000000000032,Tejas Pillai,Grade 6,B,14,overdue_fees,F
33,b1000000-0000-4000-8000-000000000033,Manoj Deshmukh,Grade 6,B,15,pending_utr,M
34,b1000000-0000-4000-8000-000000000034,Aarav Sen,Grade 6,B,16,,F
35,b1000000-0000-4000-8000-000000000035,Kavya Kapoor,Grade 7,A,01,,M
36,b1000000-0000-4000-8000-000000000036,Tanvi Pillai,Grade 7,A,02,,F
37,b1000000-0000-4000-8000-000000000037,Lakshmi Deshmukh,Grade 7,A,03,,M
38,b1000000-0000-4000-8000-000000000038,Gayatri Sen,Grade 7,A,04,,F
39,b1000000-0000-4000-8000-000000000039,Radha Patel,Grade 7,A,05,,M
40,b1000000-0000-4000-8000-000000000040,Tejas Menon,Grade 7,A,06,chronic_absent,F
41,b1000000-0000-4000-8000-000000000041,Manoj Das,Grade 7,A,07,perfect_attendance,M
42,b1000000-0000-4000-8000-000000000042,Aarav Joshi,Grade 7,A,08,,F
43,b1000000-0000-4000-8000-000000000043,Aditya Rao,Grade 7,A,09,,M
44,b1000000-0000-4000-8000-000000000044,Arjun Hegde,Grade 7,A,10,,F
45,b1000000-0000-4000-8000-000000000045,Reyansh Agarwal,Grade 7,A,11,,M
46,b1000000-0000-4000-8000-000000000046,Krishna Sharma,Grade 7,A,12,,F
47,b1000000-0000-4000-8000-000000000047,Ananya Nair,Grade 7,A,13,,M
48,b1000000-0000-4000-8000-000000000048,Diya Singh,Grade 7,A,14,,F
49,b1000000-0000-4000-8000-000000000049,Saanvi Mukherjee,Grade 7,A,15,,M
50,b1000000-0000-4000-8000-000000000050,Anika Kapoor,Grade 7,A,16,unlinked_no_parent,F
51,b1000000-0000-4000-8000-000000000051,Navya Pillai,Grade 7,A,17,student_login_only,M
52,b1000000-0000-4000-8000-000000000052,Rohan Deshmukh,Grade 7,A,18,,F
53,b1000000-0000-4000-8000-000000000053,Arjun Das,Grade 8,A,01,,M
54,b1000000-0000-4000-8000-000000000054,Reyansh Joshi,Grade 8,A,02,,F
55,b1000000-0000-4000-8000-000000000055,Priya Sharma,Grade 8,A,03,duplicate_common_name_b,M
56,b1000000-0000-4000-8000-000000000056,Ananya Hegde,Grade 8,A,04,,F
57,b1000000-0000-4000-8000-000000000057,Diya Agarwal,Grade 8,A,05,,M
58,b1000000-0000-4000-8000-000000000058,Saanvi Sharma,Grade 8,A,06,,F
59,b1000000-0000-4000-8000-000000000059,Anika Nair,Grade 8,A,07,,M
60,b1000000-0000-4000-8000-000000000060,Navya Singh,Grade 8,A,08,parent_no_student_login,F
61,b1000000-0000-4000-8000-000000000061,Rohan Mukherjee,Grade 8,A,09,,M
62,b1000000-0000-4000-8000-000000000062,Nikhil Kapoor,Grade 8,A,10,,F
63,b1000000-0000-4000-8000-000000000063,Varun Pillai,Grade 8,A,11,,M
64,b1000000-0000-4000-8000-000000000064,Dev Deshmukh,Grade 8,A,12,,F
65,b1000000-0000-4000-8000-000000000065,Om Sen,Grade 8,A,13,,M
66,b1000000-0000-4000-8000-000000000066,Priya Patel,Grade 8,A,14,,F
67,b1000000-0000-4000-8000-000000000067,Meera Menon,Grade 8,A,15,,M
68,b1000000-0000-4000-8000-000000000068,Nisha Das,Grade 8,A,16,,F
69,b1000000-0000-4000-8000-000000000069,Kavya Joshi,Grade 8,A,17,,M
70,b1000000-0000-4000-8000-000000000070,కృష్ణ రెడ్డి,Grade 8,A,18,telugu_script_name,F
71,b1000000-0000-4000-8000-000000000071,अनिका शर्मा,Grade 8,A,19,hindi_script_name,M
72,b1000000-0000-4000-8000-000000000072,Gayatri Agarwal,Grade 8,A,20,,F
73,b1000000-0000-4000-8000-000000000073,Varun Das,Grade 8,B,01,,M
74,b1000000-0000-4000-8000-000000000074,Dev Joshi,Grade 8,B,02,,F
75,b1000000-0000-4000-8000-000000000075,Om Rao,Grade 8,B,03,,M
76,b1000000-0000-4000-8000-000000000076,Priya Hegde,Grade 8,B,04,,F
77,b1000000-0000-4000-8000-000000000077,Meera Agarwal,Grade 8,B,05,,M
78,b1000000-0000-4000-8000-000000000078,Nisha Sharma,Grade 8,B,06,,F
79,b1000000-0000-4000-8000-000000000079,Kavya Nair,Grade 8,B,07,,M
80,b1000000-0000-4000-8000-000000000080,Tanvi Singh,Grade 8,B,08,transport_fee_only,F
81,b1000000-0000-4000-8000-000000000081,Lakshmi Mukherjee,Grade 8,B,09,,M
82,b1000000-0000-4000-8000-000000000082,Gayatri Kapoor,Grade 8,B,10,,F
83,b1000000-0000-4000-8000-000000000083,Radha Pillai,Grade 8,B,11,,M
84,b1000000-0000-4000-8000-000000000084,Tejas Deshmukh,Grade 8,B,12,,F
85,b1000000-0000-4000-8000-000000000085,Manoj Sen,Grade 8,B,13,,M
86,b1000000-0000-4000-8000-000000000086,Aarav Patel,Grade 8,B,14,,F
87,b1000000-0000-4000-8000-000000000087,Aditya Menon,Grade 8,B,15,,M
88,b1000000-0000-4000-8000-000000000088,Arjun Das,Grade 8,B,16,,F
89,b1000000-0000-4000-8000-000000000089,Lakshmi Sen,Grade 9,A,01,,M
90,b1000000-0000-4000-8000-000000000090,Gayatri Patel,Grade 10,A,02,class_outside_main_policy,F
91,b1000000-0000-4000-8000-000000000091,Radha Menon,Grade 9,A,03,,M
92,b1000000-0000-4000-8000-000000000092,Tejas Das,Grade 9,A,04,,F
93,b1000000-0000-4000-8000-000000000093,Manoj Joshi,Grade 9,A,05,,M
94,b1000000-0000-4000-8000-000000000094,Aarav Rao,Grade 9,A,06,,F
95,b1000000-0000-4000-8000-000000000095,Aditya Hegde,Grade 9,A,07,,M
96,b1000000-0000-4000-8000-000000000096,Arjun Agarwal,Grade 9,A,08,,F
97,b1000000-0000-4000-8000-000000000097,Reyansh Sharma,Grade 9,A,09,,M
98,b1000000-0000-4000-8000-000000000098,Krishna Nair,Grade 9,A,10,,F
99,b1000000-0000-4000-8000-000000000099,Ananya Singh,Grade 9,A,11,,M
100,b1000000-0000-4000-8000-000000000100,Zara Khan,Grade 9,A,12,last_roster_row,F
